-- MySQL dump 10.13  Distrib 8.0.19, for Linux (x86_64)
--
-- Host: localhost    Database: vk
-- ------------------------------------------------------
-- Server version	8.0.19

/*!40101 SET @OLD_CHARACTER_SET_CLIENT=@@CHARACTER_SET_CLIENT */;
/*!40101 SET @OLD_CHARACTER_SET_RESULTS=@@CHARACTER_SET_RESULTS */;
/*!40101 SET @OLD_COLLATION_CONNECTION=@@COLLATION_CONNECTION */;
/*!50503 SET NAMES utf8mb4 */;
/*!40103 SET @OLD_TIME_ZONE=@@TIME_ZONE */;
/*!40103 SET TIME_ZONE='+00:00' */;
/*!40014 SET @OLD_UNIQUE_CHECKS=@@UNIQUE_CHECKS, UNIQUE_CHECKS=0 */;
/*!40014 SET @OLD_FOREIGN_KEY_CHECKS=@@FOREIGN_KEY_CHECKS, FOREIGN_KEY_CHECKS=0 */;
/*!40101 SET @OLD_SQL_MODE=@@SQL_MODE, SQL_MODE='NO_AUTO_VALUE_ON_ZERO' */;
/*!40111 SET @OLD_SQL_NOTES=@@SQL_NOTES, SQL_NOTES=0 */;

--
-- Table structure for table `communities`
--

DROP TABLE IF EXISTS `communities`;
/*!40101 SET @saved_cs_client     = @@character_set_client */;
/*!50503 SET character_set_client = utf8mb4 */;
CREATE TABLE `communities` (
  `id` int unsigned NOT NULL AUTO_INCREMENT,
  `name` varchar(150) CHARACTER SET utf8 COLLATE utf8_unicode_ci NOT NULL,
  `description` text COLLATE utf8_unicode_ci,
  PRIMARY KEY (`id`),
  UNIQUE KEY `name` (`name`)
) ENGINE=InnoDB AUTO_INCREMENT=21 DEFAULT CHARSET=utf8 COLLATE=utf8_unicode_ci;
/*!40101 SET character_set_client = @saved_cs_client */;

--
-- Dumping data for table `communities`
--

LOCK TABLES `communities` WRITE;
/*!40000 ALTER TABLE `communities` DISABLE KEYS */;
INSERT INTO `communities` VALUES (1,'hic','Eos veniam laboriosam repudiandae non fugiat omnis placeat. Perferendis ullam molestiae repellendus voluptas sunt aperiam ea. Nihil laborum asperiores voluptas est accusamus occaecati est.'),(2,'assumenda','Mollitia voluptatem et ea velit reprehenderit. Id aliquam veritatis accusamus similique cupiditate. Sunt fugit saepe ut architecto rerum ab incidunt.'),(3,'aut','Et aliquam qui nihil modi nesciunt sunt. Accusamus doloremque maiores eveniet.\nNumquam quam ad ut molestiae quod et doloremque. Velit temporibus repellendus recusandae enim at et.'),(4,'aliquam','Libero saepe vel ab recusandae aut totam incidunt rerum. Quo quia voluptatem consequatur ab enim aspernatur. Vel impedit totam velit nam. Facere sit dolor ut autem.'),(5,'eveniet','Porro reprehenderit doloremque cumque est. Consequuntur minima et aliquid porro assumenda. Dolorem odio doloremque voluptas porro perferendis.'),(6,'eligendi','Distinctio consectetur iste qui assumenda accusantium non consectetur. Ut tempora ullam aut sapiente autem. Et sint repellendus officia reprehenderit possimus ipsa.'),(7,'placeat','Fugiat alias voluptates ipsum qui praesentium nostrum. Qui quo sed harum rerum sint doloribus voluptatibus consequuntur. Et dolorem velit dolore esse.'),(8,'incidunt','Aperiam suscipit ut aliquid voluptatibus tempore iste assumenda nesciunt. Autem et perferendis consequatur esse maiores eligendi id. Error aut inventore tempore quo voluptatem cumque.'),(9,'eum','Consequatur reiciendis eius ut placeat. Ut iure praesentium vel. Qui voluptate ad quam ut minima quibusdam. Quod non consectetur delectus.'),(10,'dicta','In sunt dolor qui est doloremque sed qui id. Sunt est quis repudiandae delectus ut. Ut eius nulla est aut quibusdam. Ut in tempora aperiam necessitatibus.'),(11,'provident','Soluta harum voluptatem nihil. Consequatur non animi beatae odio hic rerum quis. Quidem accusamus quidem atque in. Pariatur aut culpa autem eum iusto laboriosam. Earum qui impedit nisi enim.'),(12,'sed','Consequatur qui asperiores qui non omnis. Et dolorum facilis enim quia maiores facilis. Error accusantium facere vel placeat sit.'),(13,'tenetur','Necessitatibus quam cumque eos unde voluptatum voluptatum. Eligendi nobis id harum in. Voluptatem reiciendis nostrum consequatur consequatur.'),(14,'perspiciatis','Id nihil velit assumenda voluptates sed repudiandae. Aut velit id aliquam voluptate ex sunt. Itaque officiis magni consequatur voluptatem mollitia.'),(15,'sunt','Dignissimos eligendi sint exercitationem aut fugiat voluptas. Reiciendis tempora sequi quia dicta ducimus deserunt. Voluptatem quia et accusantium perspiciatis assumenda.'),(16,'itaque','Esse consequuntur sequi nostrum necessitatibus quam sapiente. Autem ducimus provident repudiandae enim aspernatur. Repudiandae eos corporis at at praesentium et impedit.'),(17,'consequatur','Iusto alias totam unde dolorem. Voluptatem officiis optio illo accusantium consequatur.\nConsequuntur est quia at omnis omnis. Sequi totam minima nesciunt occaecati ut earum nemo.'),(18,'earum','Voluptas reiciendis rerum cumque fuga autem. Odit possimus iste non expedita sunt. Quidem animi ut ullam nihil laudantium.'),(19,'accusamus','Officiis optio iure velit reprehenderit. Possimus quia et optio. Est eveniet eos eos ut nulla. Sapiente sunt aut repudiandae occaecati soluta.'),(20,'ullam','Optio id atque quae error facere. Enim officia facilis mollitia soluta ut. Molestiae nisi et tenetur ut dolores deserunt. Ipsam aut porro voluptatibus saepe blanditiis tenetur consectetur.');
/*!40000 ALTER TABLE `communities` ENABLE KEYS */;
UNLOCK TABLES;

--
-- Table structure for table `communities_users`
--

DROP TABLE IF EXISTS `communities_users`;
/*!40101 SET @saved_cs_client     = @@character_set_client */;
/*!50503 SET character_set_client = utf8mb4 */;
CREATE TABLE `communities_users` (
  `community_id` int unsigned NOT NULL,
  `user_id` int unsigned NOT NULL,
  `is_admin` tinyint(1) DEFAULT NULL,
  `is_moderator` tinyint(1) DEFAULT NULL,
  PRIMARY KEY (`community_id`,`user_id`)
) ENGINE=InnoDB DEFAULT CHARSET=utf8 COLLATE=utf8_unicode_ci;
/*!40101 SET character_set_client = @saved_cs_client */;

--
-- Dumping data for table `communities_users`
--

LOCK TABLES `communities_users` WRITE;
/*!40000 ALTER TABLE `communities_users` DISABLE KEYS */;
INSERT INTO `communities_users` VALUES (1,13,0,0),(1,47,0,0),(1,55,0,0),(1,83,0,0),(1,91,0,0),(1,92,1,0),(1,97,0,0),(2,29,1,1),(2,34,0,0),(2,51,0,1),(2,62,0,0),(2,93,0,0),(2,100,0,0),(3,10,0,0),(3,44,0,0),(4,2,0,1),(4,15,0,0),(4,54,0,0),(4,58,0,0),(4,63,0,0),(4,64,0,0),(4,87,1,0),(5,5,1,1),(5,14,0,0),(5,43,0,0),(5,67,1,1),(5,84,1,0),(5,85,1,0),(5,94,0,0),(6,21,0,0),(6,46,0,0),(6,48,0,0),(6,61,0,1),(6,68,1,0),(6,76,0,1),(6,79,1,1),(6,99,0,1),(7,7,0,0),(7,20,1,1),(7,59,1,0),(7,65,0,1),(7,78,0,0),(7,81,0,0),(7,90,0,0),(8,1,0,0),(8,12,0,0),(8,41,0,0),(8,69,0,0),(8,95,0,0),(9,39,0,0),(9,50,0,0),(9,57,0,1),(9,74,0,0),(10,25,0,0),(10,33,0,0),(10,36,1,0),(10,38,0,1),(10,42,0,1),(10,60,0,0),(10,73,0,0),(11,30,0,0),(11,35,0,0),(11,71,0,1),(11,72,0,0),(11,82,0,0),(11,96,0,1),(13,11,0,0),(13,24,0,0),(13,31,0,1),(13,45,0,1),(13,77,1,1),(14,17,0,0),(14,32,0,0),(14,49,0,0),(15,3,0,0),(15,8,0,0),(15,19,0,0),(15,22,0,0),(15,27,0,1),(15,37,1,1),(15,40,0,0),(15,88,1,0),(16,18,0,0),(16,26,0,0),(17,89,0,0),(18,6,0,0),(18,9,0,0),(18,52,0,1),(18,53,1,1),(18,66,1,0),(18,86,0,0),(18,98,0,0),(19,4,0,0),(19,23,0,0),(20,16,0,1),(20,28,1,0),(20,56,1,0),(20,70,0,1),(20,75,1,1),(20,80,1,1);
/*!40000 ALTER TABLE `communities_users` ENABLE KEYS */;
UNLOCK TABLES;

--
-- Table structure for table `friendship`
--

DROP TABLE IF EXISTS `friendship`;
/*!40101 SET @saved_cs_client     = @@character_set_client */;
/*!50503 SET character_set_client = utf8mb4 */;
CREATE TABLE `friendship` (
  `user_id` int unsigned NOT NULL,
  `friend_id` int unsigned NOT NULL,
  `status_id` int unsigned NOT NULL,
  `requested_at` datetime DEFAULT CURRENT_TIMESTAMP,
  `confirmed_at` datetime DEFAULT NULL,
  PRIMARY KEY (`user_id`,`friend_id`)
) ENGINE=InnoDB DEFAULT CHARSET=utf8 COLLATE=utf8_unicode_ci;
/*!40101 SET character_set_client = @saved_cs_client */;

--
-- Dumping data for table `friendship`
--

LOCK TABLES `friendship` WRITE;
/*!40000 ALTER TABLE `friendship` DISABLE KEYS */;
INSERT INTO `friendship` VALUES (1,21,3,'2018-05-29 17:24:41','2019-03-29 16:51:41'),(2,64,2,'2012-03-24 23:17:05','2019-03-07 07:32:24'),(3,1,1,'2011-05-31 16:14:32','2019-05-18 11:03:36'),(4,39,1,'2018-08-09 10:51:01','2019-11-04 16:23:40'),(5,92,2,'2013-01-04 13:08:41','2019-02-27 10:24:28'),(6,60,2,'2018-10-07 12:15:16','2019-04-24 04:38:19'),(7,30,3,'2010-06-29 05:15:38','2019-10-15 13:48:53'),(8,89,3,'2010-09-13 14:39:31','2019-02-27 22:42:56'),(9,29,1,'2019-03-11 12:48:08','2020-02-01 19:10:53'),(10,8,3,'2013-03-20 10:29:25','2019-07-18 04:56:08'),(11,47,1,'2019-02-12 08:28:19','2019-04-11 21:58:33'),(12,95,3,'2013-08-04 13:23:48','2019-12-02 14:24:42'),(13,77,3,'2017-03-28 08:44:10','2019-06-03 09:12:54'),(14,24,1,'2013-05-29 04:04:01','2019-07-08 05:55:29'),(15,84,3,'2014-09-20 01:33:39','2019-11-27 13:39:13'),(16,56,3,'2014-03-18 20:09:36','2019-09-21 08:31:49'),(17,74,1,'2013-01-27 22:53:00','2019-03-25 06:51:42'),(18,83,1,'2019-02-28 12:31:18','2019-10-08 10:34:18'),(19,28,3,'2017-04-10 16:23:40','2019-03-03 12:58:37'),(20,32,3,'2013-05-23 05:24:05','2020-02-07 22:38:30'),(21,63,3,'2019-09-15 01:32:36','2020-03-04 17:15:31'),(22,2,3,'2011-06-05 05:43:42','2019-09-12 00:03:16'),(23,11,2,'2019-05-12 03:48:52','2019-05-26 02:56:11'),(24,17,3,'2016-02-22 02:52:28','2019-07-11 21:36:14'),(25,62,1,'2018-10-24 22:08:56','2020-01-21 14:57:07'),(26,71,2,'2015-10-08 08:22:19','2019-06-17 11:44:35'),(27,67,1,'2019-10-19 19:18:53','2020-03-04 17:15:31'),(28,100,1,'2013-02-03 02:59:32','2019-09-07 22:42:08'),(29,70,3,'2014-09-22 04:09:04','2019-11-15 03:21:57'),(30,18,3,'2017-12-05 11:21:17','2019-07-05 04:33:13'),(31,78,3,'2012-07-14 15:30:09','2019-11-12 05:12:59'),(32,9,2,'2018-08-03 12:05:22','2019-12-13 17:18:09'),(33,55,3,'2014-12-16 18:45:55','2019-05-07 12:53:13'),(34,20,1,'2018-12-02 05:35:45','2019-08-28 19:38:28'),(35,33,1,'2011-04-10 10:08:41','2019-04-27 17:52:52'),(36,43,1,'2018-06-21 22:22:13','2020-01-03 06:49:00'),(37,58,3,'2010-06-06 19:58:30','2019-04-11 13:38:28'),(38,68,2,'2012-12-17 13:45:40','2019-08-25 04:59:42'),(39,65,3,'2013-01-25 01:00:40','2019-11-10 01:45:13'),(40,98,3,'2013-07-04 14:23:32','2019-11-14 13:16:22'),(41,85,1,'2019-06-08 10:42:46','2019-09-05 10:25:54'),(42,14,1,'2011-10-23 19:05:07','2019-11-19 16:23:58'),(43,35,1,'2017-04-02 12:59:52','2019-10-19 03:31:45'),(44,52,3,'2017-11-10 20:13:57','2019-12-06 16:16:08'),(45,13,1,'2012-12-01 03:09:09','2019-05-25 02:05:47'),(46,5,1,'2011-03-10 11:19:30','2019-12-16 10:17:18'),(47,76,2,'2010-08-06 14:37:55','2020-02-18 00:20:24'),(48,3,1,'2019-07-01 08:40:04','2019-11-20 20:51:16'),(49,42,1,'2017-10-18 20:23:08','2019-06-09 11:26:09'),(50,59,1,'2015-08-02 00:46:39','2020-02-05 22:17:22'),(51,87,3,'2020-01-20 07:29:21','2020-03-04 17:15:31'),(52,36,1,'2014-08-20 06:15:02','2019-11-13 19:53:15'),(53,94,2,'2018-02-12 05:15:28','2019-03-14 11:06:36'),(54,15,3,'2011-04-24 10:29:25','2019-07-12 14:31:43'),(55,81,2,'2016-12-27 23:31:27','2020-02-18 13:44:05'),(56,79,3,'2010-08-07 17:49:50','2019-03-20 11:11:21'),(57,69,3,'2018-03-02 10:49:41','2019-04-08 07:51:09'),(58,75,2,'2017-07-16 16:44:35','2019-08-30 23:48:58'),(59,34,2,'2018-03-28 07:55:59','2020-02-23 19:23:23'),(60,27,2,'2014-02-21 09:45:50','2019-08-12 04:29:24'),(61,25,3,'2018-03-25 09:31:12','2019-07-26 00:36:20'),(62,72,2,'2012-04-24 03:21:02','2019-07-28 22:36:45'),(63,16,1,'2011-07-01 09:35:52','2019-04-01 08:50:25'),(64,99,2,'2018-01-16 10:25:46','2019-08-23 10:01:54'),(65,66,2,'2011-09-29 12:52:17','2019-09-09 12:20:04'),(66,45,2,'2017-06-07 21:14:33','2019-03-24 02:20:34'),(67,91,3,'2013-01-04 15:37:42','2019-12-13 09:12:45'),(68,23,2,'2019-07-09 09:10:14','2020-03-04 17:15:31'),(69,61,2,'2016-02-03 15:23:34','2019-06-08 17:54:09'),(70,88,2,'2014-08-19 15:07:18','2019-06-25 06:47:08'),(71,49,3,'2012-04-10 13:39:28','2019-04-17 19:19:03'),(72,46,2,'2013-12-06 18:49:42','2019-08-13 22:04:22'),(73,19,2,'2012-05-05 23:40:10','2019-07-23 11:00:24'),(74,80,3,'2018-08-05 06:52:02','2019-06-19 00:28:44'),(75,53,1,'2017-01-23 12:49:36','2020-02-09 16:14:13'),(76,38,3,'2018-12-26 18:52:49','2019-03-13 00:01:44'),(77,93,1,'2017-03-20 17:54:20','2019-09-21 12:57:28'),(78,97,2,'2016-06-15 18:35:33','2020-01-24 09:36:24'),(79,82,3,'2012-03-21 04:57:07','2019-05-31 23:24:00'),(80,48,1,'2017-06-15 18:21:36','2019-10-03 14:47:26'),(81,44,1,'2014-11-11 00:53:44','2019-11-07 00:11:22'),(82,54,1,'2011-04-06 10:31:08','2019-10-04 18:58:06'),(83,40,3,'2018-08-16 14:49:35','2020-02-20 08:54:51'),(84,73,2,'2014-08-19 17:39:53','2019-09-13 08:10:57'),(85,41,3,'2013-02-08 00:56:38','2020-02-15 07:01:12'),(86,6,2,'2018-11-21 15:26:07','2019-12-19 12:55:37'),(87,31,1,'2016-12-29 14:55:56','2019-07-25 21:45:39'),(88,4,2,'2012-06-22 15:17:47','2019-08-20 16:26:59'),(89,22,2,'2020-02-21 20:37:34','2020-03-04 17:15:31'),(90,10,1,'2015-03-27 12:58:08','2020-01-27 07:39:30'),(91,12,2,'2012-12-17 07:22:16','2019-06-02 15:11:46'),(92,51,3,'2018-01-03 00:06:51','2019-09-01 16:45:39'),(93,57,2,'2014-06-16 18:39:14','2019-07-10 17:01:19'),(94,90,3,'2015-07-31 15:21:30','2019-06-29 06:45:51'),(95,37,3,'2013-09-05 10:12:46','2019-10-21 23:15:17'),(96,7,1,'2018-09-03 22:16:20','2019-04-03 23:36:03'),(97,26,2,'2017-05-03 02:38:27','2019-12-15 16:39:11'),(98,50,2,'2014-07-06 00:51:39','2020-02-02 05:30:31'),(99,86,2,'2017-01-10 20:08:41','2019-10-12 13:57:45'),(100,96,3,'2011-09-04 18:42:07','2020-02-12 20:05:29');
/*!40000 ALTER TABLE `friendship` ENABLE KEYS */;
UNLOCK TABLES;

--
-- Table structure for table `friendship_statuses`
--

DROP TABLE IF EXISTS `friendship_statuses`;
/*!40101 SET @saved_cs_client     = @@character_set_client */;
/*!50503 SET character_set_client = utf8mb4 */;
CREATE TABLE `friendship_statuses` (
  `id` int unsigned NOT NULL AUTO_INCREMENT,
  `name` varchar(150) CHARACTER SET utf8 COLLATE utf8_unicode_ci NOT NULL,
  PRIMARY KEY (`id`),
  UNIQUE KEY `name` (`name`)
) ENGINE=InnoDB AUTO_INCREMENT=4 DEFAULT CHARSET=utf8 COLLATE=utf8_unicode_ci;
/*!40101 SET character_set_client = @saved_cs_client */;

--
-- Dumping data for table `friendship_statuses`
--

LOCK TABLES `friendship_statuses` WRITE;
/*!40000 ALTER TABLE `friendship_statuses` DISABLE KEYS */;
INSERT INTO `friendship_statuses` VALUES (2,'Confirmed'),(3,'Rejected'),(1,'Requested');
/*!40000 ALTER TABLE `friendship_statuses` ENABLE KEYS */;
UNLOCK TABLES;

--
-- Table structure for table `media`
--

DROP TABLE IF EXISTS `media`;
/*!40101 SET @saved_cs_client     = @@character_set_client */;
/*!50503 SET character_set_client = utf8mb4 */;
CREATE TABLE `media` (
  `id` int unsigned NOT NULL AUTO_INCREMENT,
  `media_type_id` int unsigned NOT NULL,
  `user_id` int unsigned NOT NULL,
  `community_id` int unsigned DEFAULT NULL,
  `filename` varchar(255) CHARACTER SET utf8 COLLATE utf8_unicode_ci NOT NULL,
  `size` int unsigned DEFAULT NULL,
  `metadata` json DEFAULT NULL,
  `created_at` datetime DEFAULT CURRENT_TIMESTAMP,
  `updated_at` datetime DEFAULT CURRENT_TIMESTAMP ON UPDATE CURRENT_TIMESTAMP,
  PRIMARY KEY (`id`)
) ENGINE=InnoDB AUTO_INCREMENT=101 DEFAULT CHARSET=utf8 COLLATE=utf8_unicode_ci;
/*!40101 SET character_set_client = @saved_cs_client */;

--
-- Dumping data for table `media`
--

LOCK TABLES `media` WRITE;
/*!40000 ALTER TABLE `media` DISABLE KEYS */;
INSERT INTO `media` VALUES (1,2,12,NULL,'https://dropbox/vk/file_saepe ',441414,'{\"owner\": \"Jovanny Ferry\"}','2010-12-08 18:31:29','2020-03-04 18:45:25'),(2,2,99,15,'https://dropbox/vk/file_delectus ',354664,'{\"owner\": \"Raquel Doyle\"}','2010-04-24 05:06:46','2020-03-04 18:45:37'),(3,1,59,NULL,'https://dropbox/vk/file_consequatur ',439079,'{\"owner\": \"Melyna Johnston\"}','2012-09-04 03:34:19','2020-03-04 18:45:25'),(4,2,97,16,'https://dropbox/vk/file_sed ',121401,'{\"owner\": \"Vena Stehr\"}','2014-03-11 02:15:07','2020-03-04 18:45:37'),(5,1,9,NULL,'https://dropbox/vk/file_totam ',279770,'{\"owner\": \"Ocie Langosh\"}','2015-01-22 11:49:41','2020-03-04 18:45:25'),(6,2,53,NULL,'https://dropbox/vk/file_omnis ',24649,'{\"owner\": \"Kiera Hessel\"}','2019-02-03 07:05:04','2020-03-04 18:45:25'),(7,1,39,15,'https://dropbox/vk/file_omnis ',273934,'{\"owner\": \"Kathleen Kshlerin\"}','2017-06-01 07:03:05','2020-03-04 18:45:37'),(8,1,36,NULL,'https://dropbox/vk/file_non ',285724,'{\"owner\": \"Llewellyn Schroeder\"}','2012-10-28 17:48:19','2020-03-04 18:45:25'),(9,2,60,NULL,'https://dropbox/vk/file_sapiente ',596817,'{\"owner\": \"Berenice Kessler\"}','2016-02-19 20:01:00','2020-03-04 18:45:25'),(10,2,93,NULL,'https://dropbox/vk/file_quos ',116917,'{\"owner\": \"Marilou Lockman\"}','2019-09-15 07:45:20','2020-03-04 18:45:25'),(11,2,84,NULL,'https://dropbox/vk/file_harum ',784131,'{\"owner\": \"Yoshiko Price\"}','2019-09-22 00:31:31','2020-03-04 18:45:25'),(12,1,40,NULL,'https://dropbox/vk/file_odit ',559906,'{\"owner\": \"Vernon Hegmann\"}','2013-05-11 14:45:54','2020-03-04 18:45:25'),(13,2,47,10,'https://dropbox/vk/file_et ',437139,'{\"owner\": \"Ophelia Johnson\"}','2017-09-18 23:22:19','2020-03-04 18:45:37'),(14,1,16,6,'https://dropbox/vk/file_officiis ',495978,'{\"owner\": \"Daija Corwin\"}','2019-05-08 14:41:51','2020-03-04 18:45:37'),(15,1,40,19,'https://dropbox/vk/file_ipsam ',158473,'{\"owner\": \"Vernon Hegmann\"}','2018-02-28 06:18:51','2020-03-04 18:45:37'),(16,3,50,NULL,'https://dropbox/vk/file_ut ',294433,'{\"owner\": \"Gladyce Hand\"}','2020-02-14 15:29:33','2020-03-04 18:45:25'),(17,2,30,NULL,'https://dropbox/vk/file_porro ',986744,'{\"owner\": \"Dena Morar\"}','2016-03-03 19:48:41','2020-03-04 18:45:25'),(18,2,100,14,'https://dropbox/vk/file_veniam ',40422,'{\"owner\": \"Anabel Labadie\"}','2010-09-03 05:44:38','2020-03-04 18:45:37'),(19,3,11,NULL,'https://dropbox/vk/file_ipsam ',231878,'{\"owner\": \"Sharon Jacobi\"}','2015-09-01 06:56:50','2020-03-04 18:45:25'),(20,2,51,NULL,'https://dropbox/vk/file_ducimus ',28125,'{\"owner\": \"Furman Heaney\"}','2018-12-01 21:12:10','2020-03-04 18:45:25'),(21,2,23,NULL,'https://dropbox/vk/file_cupiditate ',434991,'{\"owner\": \"Lilla Lesch\"}','2016-10-22 17:04:11','2020-03-04 18:45:25'),(22,1,61,NULL,'https://dropbox/vk/file_sed ',80583,'{\"owner\": \"Lesly Koch\"}','2015-11-18 04:07:20','2020-03-04 18:45:25'),(23,3,34,19,'https://dropbox/vk/file_quia ',87941,'{\"owner\": \"Marie Bernier\"}','2019-08-08 18:39:16','2020-03-04 18:45:37'),(24,1,87,NULL,'https://dropbox/vk/file_ipsum ',187956,'{\"owner\": \"Shyann Doyle\"}','2010-11-27 01:09:07','2020-03-04 18:45:25'),(25,2,33,14,'https://dropbox/vk/file_occaecati ',665956,'{\"owner\": \"Salma Lubowitz\"}','2016-12-13 13:41:38','2020-03-04 18:45:37'),(26,2,3,NULL,'https://dropbox/vk/file_asperiores ',755916,'{\"owner\": \"Shana Ward\"}','2013-03-30 15:53:38','2020-03-04 18:45:25'),(27,1,14,19,'https://dropbox/vk/file_dolorum ',771710,'{\"owner\": \"Ronny Walker\"}','2012-11-23 06:15:16','2020-03-04 18:45:37'),(28,1,61,NULL,'https://dropbox/vk/file_non ',580804,'{\"owner\": \"Lesly Koch\"}','2015-11-18 17:44:36','2020-03-04 18:45:25'),(29,2,64,NULL,'https://dropbox/vk/file_cupiditate ',578891,'{\"owner\": \"Alena Bayer\"}','2013-10-06 10:43:18','2020-03-04 18:45:25'),(30,3,36,NULL,'https://dropbox/vk/file_maxime ',142044,'{\"owner\": \"Llewellyn Schroeder\"}','2018-07-13 03:06:07','2020-03-04 18:45:25'),(31,3,86,NULL,'https://dropbox/vk/file_eius ',963545,'{\"owner\": \"Lavon Smith\"}','2010-10-10 21:58:07','2020-03-04 18:45:25'),(32,2,24,3,'https://dropbox/vk/file_id ',381593,'{\"owner\": \"Brown Osinski\"}','2018-10-28 03:39:33','2020-03-04 18:45:37'),(33,3,60,14,'https://dropbox/vk/file_et ',1007332,'{\"owner\": \"Berenice Kessler\"}','2016-07-16 03:09:51','2020-03-04 18:45:37'),(34,2,30,NULL,'https://dropbox/vk/file_iusto ',881881,'{\"owner\": \"Dena Morar\"}','2014-01-12 02:18:02','2020-03-04 18:45:25'),(35,2,67,17,'https://dropbox/vk/file_consectetur ',377411,'{\"owner\": \"Julia Pacocha\"}','2020-01-04 06:20:49','2020-03-04 18:45:37'),(36,1,44,NULL,'https://dropbox/vk/file_voluptas ',231414,'{\"owner\": \"Ole Kunze\"}','2013-07-01 04:58:16','2020-03-04 18:45:25'),(37,3,20,17,'https://dropbox/vk/file_qui ',14834,'{\"owner\": \"Godfrey Russel\"}','2018-06-03 12:31:13','2020-03-04 18:45:37'),(38,3,66,6,'https://dropbox/vk/file_quaerat ',369930,'{\"owner\": \"Verner Wuckert\"}','2014-05-09 00:00:29','2020-03-04 18:45:37'),(39,2,71,NULL,'https://dropbox/vk/file_enim ',795149,'{\"owner\": \"Mittie Quigley\"}','2014-06-01 16:26:11','2020-03-04 18:45:25'),(40,2,58,2,'https://dropbox/vk/file_sit ',855956,'{\"owner\": \"Jaycee D\'Amore\"}','2010-08-01 10:43:28','2020-03-04 18:45:37'),(41,3,75,17,'https://dropbox/vk/file_accusamus ',884332,'{\"owner\": \"Destany Weber\"}','2015-08-20 06:31:00','2020-03-04 18:45:37'),(42,3,100,NULL,'https://dropbox/vk/file_ullam ',843795,'{\"owner\": \"Anabel Labadie\"}','2013-10-06 03:09:14','2020-03-04 18:45:25'),(43,1,73,8,'https://dropbox/vk/file_fuga ',555979,'{\"owner\": \"Hank Rath\"}','2012-07-04 04:56:47','2020-03-04 18:45:37'),(44,1,67,20,'https://dropbox/vk/file_rerum ',238510,'{\"owner\": \"Julia Pacocha\"}','2011-04-24 03:07:14','2020-03-04 18:45:37'),(45,3,16,17,'https://dropbox/vk/file_eum ',514615,'{\"owner\": \"Daija Corwin\"}','2012-10-13 06:13:48','2020-03-04 18:45:37'),(46,3,79,NULL,'https://dropbox/vk/file_dolores ',847543,'{\"owner\": \"Deon Kunze\"}','2014-03-10 00:46:04','2020-03-04 18:45:25'),(47,1,47,16,'https://dropbox/vk/file_nihil ',683871,'{\"owner\": \"Ophelia Johnson\"}','2010-05-15 08:06:06','2020-03-04 18:45:37'),(48,2,95,19,'https://dropbox/vk/file_voluptatibus ',866725,'{\"owner\": \"Ronny Daniel\"}','2017-10-22 15:46:58','2020-03-04 18:45:37'),(49,2,33,NULL,'https://dropbox/vk/file_nesciunt ',272015,'{\"owner\": \"Salma Lubowitz\"}','2018-12-06 16:12:30','2020-03-04 18:45:25'),(50,1,81,NULL,'https://dropbox/vk/file_voluptas ',749900,'{\"owner\": \"Angela Legros\"}','2012-07-16 12:17:10','2020-03-04 18:45:25'),(51,3,3,11,'https://dropbox/vk/file_vitae ',923457,'{\"owner\": \"Shana Ward\"}','2017-02-11 11:07:16','2020-03-04 18:45:37'),(52,1,74,14,'https://dropbox/vk/file_totam ',357586,'{\"owner\": \"Madonna Jacobi\"}','2010-11-22 15:50:20','2020-03-04 18:45:37'),(53,1,59,6,'https://dropbox/vk/file_omnis ',1007556,'{\"owner\": \"Melyna Johnston\"}','2015-04-11 09:41:38','2020-03-04 18:45:37'),(54,3,75,NULL,'https://dropbox/vk/file_perferendis ',955026,'{\"owner\": \"Destany Weber\"}','2017-06-12 17:27:00','2020-03-04 18:45:25'),(55,1,95,10,'https://dropbox/vk/file_odit ',742459,'{\"owner\": \"Ronny Daniel\"}','2016-09-10 07:53:21','2020-03-04 18:45:37'),(56,2,49,16,'https://dropbox/vk/file_ullam ',837221,'{\"owner\": \"Mozell Zemlak\"}','2015-10-06 13:02:28','2020-03-04 18:45:37'),(57,2,60,18,'https://dropbox/vk/file_maiores ',948727,'{\"owner\": \"Berenice Kessler\"}','2018-06-23 09:30:22','2020-03-04 18:45:37'),(58,2,53,NULL,'https://dropbox/vk/file_assumenda ',221973,'{\"owner\": \"Kiera Hessel\"}','2018-01-04 15:41:20','2020-03-04 18:45:25'),(59,3,83,NULL,'https://dropbox/vk/file_deleniti ',253686,'{\"owner\": \"Betsy Simonis\"}','2013-07-07 23:19:06','2020-03-04 18:45:25'),(60,1,55,NULL,'https://dropbox/vk/file_id ',592511,'{\"owner\": \"Ludie Ebert\"}','2018-04-05 12:58:08','2020-03-04 18:45:25'),(61,3,29,NULL,'https://dropbox/vk/file_optio ',191498,'{\"owner\": \"Mariah Boyer\"}','2010-06-15 15:26:38','2020-03-04 18:45:25'),(62,2,76,NULL,'https://dropbox/vk/file_architecto ',169956,'{\"owner\": \"Hardy Torp\"}','2013-12-24 07:23:33','2020-03-04 18:45:25'),(63,3,93,NULL,'https://dropbox/vk/file_sed ',265289,'{\"owner\": \"Marilou Lockman\"}','2012-08-23 05:36:09','2020-03-04 18:45:25'),(64,2,39,11,'https://dropbox/vk/file_et ',806574,'{\"owner\": \"Kathleen Kshlerin\"}','2011-01-18 14:14:40','2020-03-04 18:45:37'),(65,2,14,NULL,'https://dropbox/vk/file_id ',227007,'{\"owner\": \"Ronny Walker\"}','2012-03-11 08:30:32','2020-03-04 18:45:25'),(66,1,52,16,'https://dropbox/vk/file_aut ',705310,'{\"owner\": \"Maverick Haag\"}','2017-01-15 22:21:05','2020-03-04 18:45:37'),(67,2,16,NULL,'https://dropbox/vk/file_aut ',835532,'{\"owner\": \"Daija Corwin\"}','2018-08-13 11:08:07','2020-03-04 18:45:25'),(68,2,24,15,'https://dropbox/vk/file_nulla ',51730,'{\"owner\": \"Brown Osinski\"}','2015-04-08 03:53:22','2020-03-04 18:45:37'),(69,3,72,NULL,'https://dropbox/vk/file_odio ',742056,'{\"owner\": \"Priscilla Renner\"}','2011-04-10 04:56:34','2020-03-04 18:45:25'),(70,3,89,NULL,'https://dropbox/vk/file_quos ',545089,'{\"owner\": \"Kian Beahan\"}','2013-06-01 03:50:34','2020-03-04 18:45:25'),(71,2,28,8,'https://dropbox/vk/file_perspiciatis ',489280,'{\"owner\": \"Olga Kulas\"}','2015-06-13 19:08:11','2020-03-04 18:45:37'),(72,2,73,9,'https://dropbox/vk/file_id ',801131,'{\"owner\": \"Hank Rath\"}','2013-07-05 09:51:28','2020-03-04 18:45:37'),(73,2,80,NULL,'https://dropbox/vk/file_officia ',527818,'{\"owner\": \"Ambrose Bergstrom\"}','2015-02-17 00:28:31','2020-03-04 18:45:25'),(74,3,79,9,'https://dropbox/vk/file_officiis ',225696,'{\"owner\": \"Deon Kunze\"}','2011-06-09 02:40:08','2020-03-04 18:45:37'),(75,1,54,13,'https://dropbox/vk/file_et ',535029,'{\"owner\": \"Susan Bartoletti\"}','2010-05-09 13:45:51','2020-03-04 18:45:37'),(76,1,33,NULL,'https://dropbox/vk/file_voluptatem ',988054,'{\"owner\": \"Salma Lubowitz\"}','2011-06-23 22:07:38','2020-03-04 18:45:25'),(77,1,2,NULL,'https://dropbox/vk/file_tempore ',325186,'{\"owner\": \"Rogers Stroman\"}','2016-10-22 13:03:12','2020-03-04 18:45:25'),(78,2,11,11,'https://dropbox/vk/file_similique ',651769,'{\"owner\": \"Sharon Jacobi\"}','2018-09-27 01:15:47','2020-03-04 18:45:37'),(79,3,48,12,'https://dropbox/vk/file_est ',273287,'{\"owner\": \"Adela Greenfelder\"}','2019-06-16 04:19:38','2020-03-04 18:45:37'),(80,3,6,NULL,'https://dropbox/vk/file_deleniti ',401128,'{\"owner\": \"Rowan Aufderhar\"}','2012-04-03 03:38:56','2020-03-04 18:45:25'),(81,1,88,16,'https://dropbox/vk/file_dolorum ',175779,'{\"owner\": \"Garrick Sipes\"}','2010-11-25 01:15:46','2020-03-04 18:45:37'),(82,2,20,NULL,'https://dropbox/vk/file_itaque ',665512,'{\"owner\": \"Godfrey Russel\"}','2013-04-13 08:43:46','2020-03-04 18:45:25'),(83,2,34,15,'https://dropbox/vk/file_consectetur ',790223,'{\"owner\": \"Marie Bernier\"}','2013-10-16 20:43:07','2020-03-04 18:45:37'),(84,3,9,NULL,'https://dropbox/vk/file_facere ',944579,'{\"owner\": \"Ocie Langosh\"}','2016-11-15 15:39:27','2020-03-04 18:45:25'),(85,3,46,NULL,'https://dropbox/vk/file_esse ',342228,'{\"owner\": \"Joelle Jerde\"}','2019-03-03 06:57:11','2020-03-04 18:45:25'),(86,1,100,NULL,'https://dropbox/vk/file_eligendi ',867405,'{\"owner\": \"Anabel Labadie\"}','2014-11-20 10:04:17','2020-03-04 18:45:25'),(87,3,62,NULL,'https://dropbox/vk/file_itaque ',300340,'{\"owner\": \"Faustino Cummerata\"}','2017-09-27 03:28:44','2020-03-04 18:45:25'),(88,3,9,NULL,'https://dropbox/vk/file_magnam ',889484,'{\"owner\": \"Ocie Langosh\"}','2011-01-12 12:25:09','2020-03-04 18:45:25'),(89,3,60,2,'https://dropbox/vk/file_blanditiis ',536403,'{\"owner\": \"Berenice Kessler\"}','2013-04-28 04:11:15','2020-03-04 18:45:37'),(90,2,72,NULL,'https://dropbox/vk/file_sed ',1003561,'{\"owner\": \"Priscilla Renner\"}','2016-03-31 05:32:20','2020-03-04 18:45:25'),(91,3,79,14,'https://dropbox/vk/file_nemo ',398598,'{\"owner\": \"Deon Kunze\"}','2016-06-01 00:00:12','2020-03-04 18:45:37'),(92,3,79,20,'https://dropbox/vk/file_quibusdam ',972308,'{\"owner\": \"Deon Kunze\"}','2011-12-11 18:43:13','2020-03-04 18:45:37'),(93,3,59,11,'https://dropbox/vk/file_quia ',655745,'{\"owner\": \"Melyna Johnston\"}','2018-07-07 14:42:46','2020-03-04 18:45:37'),(94,3,57,NULL,'https://dropbox/vk/file_sint ',351804,'{\"owner\": \"Ronny Dach\"}','2012-08-16 13:28:30','2020-03-04 18:45:25'),(95,2,5,14,'https://dropbox/vk/file_praesentium ',781784,'{\"owner\": \"Jennifer Pouros\"}','2011-03-17 16:20:19','2020-03-04 18:45:37'),(96,2,55,NULL,'https://dropbox/vk/file_est ',843510,'{\"owner\": \"Ludie Ebert\"}','2017-03-06 13:02:13','2020-03-04 18:45:25'),(97,1,58,1,'https://dropbox/vk/file_voluptas ',862199,'{\"owner\": \"Jaycee D\'Amore\"}','2011-07-08 16:34:15','2020-03-04 18:45:37'),(98,1,24,13,'https://dropbox/vk/file_voluptatem ',770465,'{\"owner\": \"Brown Osinski\"}','2010-12-17 19:21:52','2020-03-04 18:45:37'),(99,2,49,NULL,'https://dropbox/vk/file_ut ',255727,'{\"owner\": \"Mozell Zemlak\"}','2014-12-27 16:45:16','2020-03-04 18:45:25'),(100,2,69,NULL,'https://dropbox/vk/file_itaque ',957241,'{\"owner\": \"Gideon Cummerata\"}','2016-10-17 18:56:10','2020-03-04 18:45:25');
/*!40000 ALTER TABLE `media` ENABLE KEYS */;
UNLOCK TABLES;

--
-- Table structure for table `media_types`
--

DROP TABLE IF EXISTS `media_types`;
/*!40101 SET @saved_cs_client     = @@character_set_client */;
/*!50503 SET character_set_client = utf8mb4 */;
CREATE TABLE `media_types` (
  `id` int unsigned NOT NULL AUTO_INCREMENT,
  `name` varchar(255) CHARACTER SET utf8 COLLATE utf8_unicode_ci NOT NULL,
  PRIMARY KEY (`id`),
  UNIQUE KEY `name` (`name`)
) ENGINE=InnoDB AUTO_INCREMENT=4 DEFAULT CHARSET=utf8 COLLATE=utf8_unicode_ci;
/*!40101 SET character_set_client = @saved_cs_client */;

--
-- Dumping data for table `media_types`
--

LOCK TABLES `media_types` WRITE;
/*!40000 ALTER TABLE `media_types` DISABLE KEYS */;
INSERT INTO `media_types` VALUES (3,'audio'),(1,'photo'),(2,'video');
/*!40000 ALTER TABLE `media_types` ENABLE KEYS */;
UNLOCK TABLES;

--
-- Table structure for table `messages`
--

DROP TABLE IF EXISTS `messages`;
/*!40101 SET @saved_cs_client     = @@character_set_client */;
/*!50503 SET character_set_client = utf8mb4 */;
CREATE TABLE `messages` (
  `id` int unsigned NOT NULL AUTO_INCREMENT,
  `from_user_id` int unsigned NOT NULL,
  `to_user_id` int unsigned NOT NULL,
  `community_id` int unsigned DEFAULT NULL,
  `body` text CHARACTER SET utf8 COLLATE utf8_unicode_ci NOT NULL,
  `media_id` int unsigned DEFAULT NULL,
  `is_important` tinyint(1) DEFAULT NULL,
  `is_delivered` tinyint(1) DEFAULT NULL,
  `created_at` datetime DEFAULT CURRENT_TIMESTAMP,
  PRIMARY KEY (`id`)
) ENGINE=InnoDB AUTO_INCREMENT=101 DEFAULT CHARSET=utf8 COLLATE=utf8_unicode_ci;
/*!40101 SET character_set_client = @saved_cs_client */;

--
-- Dumping data for table `messages`
--

LOCK TABLES `messages` WRITE;
/*!40000 ALTER TABLE `messages` DISABLE KEYS */;
INSERT INTO `messages` VALUES (1,56,95,NULL,'Reiciendis magni voluptas debitis dignissimos cum velit reprehenderit.',NULL,0,0,'2000-12-28 10:30:19'),(2,85,70,20,'Est amet iure dolor qui aliquid velit quasi iure.',NULL,1,0,'2006-06-22 06:36:20'),(3,56,24,NULL,'Voluptas et laboriosam laboriosam ab dolor aut modi.',NULL,1,0,'1979-01-15 07:08:36'),(4,25,93,NULL,'Placeat quis eveniet aut doloribus et.',NULL,1,1,'1979-11-11 00:35:43'),(5,57,76,NULL,'Dolores voluptatem quia rem.',NULL,1,0,'1994-11-18 11:41:17'),(6,8,67,NULL,'Commodi delectus officia quas sed.',NULL,1,1,'1999-01-21 16:07:30'),(7,70,55,NULL,'Aut accusantium molestiae temporibus nihil.',NULL,1,1,'1976-04-02 11:25:58'),(8,24,75,NULL,'Ullam reiciendis et earum cumque omnis rerum similique.',NULL,1,0,'1998-09-09 18:44:52'),(9,10,23,2,'Deleniti ipsa in aut labore voluptas.',NULL,1,0,'2001-10-20 10:58:55'),(10,77,51,NULL,'Illo et fugiat eaque itaque aut totam.',NULL,1,0,'1993-11-11 12:25:05'),(11,55,79,NULL,'Voluptatem nihil soluta voluptatem omnis culpa ipsam.',NULL,0,0,'1995-10-04 10:33:54'),(12,41,15,18,'Veniam officia fugit tenetur a error quod natus.',32,0,1,'2012-01-27 18:17:50'),(13,43,15,NULL,'Provident praesentium velit molestiae omnis et id.',NULL,0,1,'1983-06-11 17:03:49'),(14,91,16,NULL,'Voluptatem incidunt enim debitis minima deleniti laborum at.',NULL,0,0,'2008-07-22 14:47:31'),(15,25,47,NULL,'Consequatur et qui possimus.',NULL,1,0,'1989-11-08 18:13:21'),(16,52,62,NULL,'Tempora et laudantium tempore odit et.',58,1,1,'1978-02-15 11:47:36'),(17,82,45,12,'Exercitationem minus expedita placeat.',NULL,1,0,'1987-11-22 04:34:21'),(18,56,40,NULL,'Error molestiae et optio nemo esse natus aut.',90,1,1,'2000-07-18 15:33:31'),(19,34,67,4,'Qui veritatis repellat nulla et quo ea.',NULL,1,0,'2004-08-02 07:38:55'),(20,99,9,NULL,'Recusandae culpa amet architecto et cupiditate.',NULL,1,1,'2017-12-05 18:49:42'),(21,92,84,NULL,'Ut deserunt suscipit aliquam voluptatem reiciendis non distinctio.',64,0,1,'2019-11-28 05:49:55'),(22,64,16,1,'Aut omnis perspiciatis perferendis at non nostrum cupiditate in.',NULL,0,1,'2011-08-14 19:40:28'),(23,45,77,NULL,'Ex eligendi quia ex ab.',NULL,0,0,'1979-10-21 00:58:54'),(24,30,29,NULL,'In ut atque incidunt nesciunt odit aut necessitatibus.',NULL,1,1,'1993-10-24 07:01:47'),(25,17,44,NULL,'Molestiae blanditiis voluptas ullam beatae qui quasi excepturi quo.',NULL,1,1,'1981-04-19 01:17:46'),(26,92,36,NULL,'Amet aperiam debitis quasi.',NULL,1,1,'1970-08-16 23:12:58'),(27,10,99,NULL,'Aperiam et doloremque sunt.',NULL,1,1,'1994-06-26 03:19:32'),(28,72,19,18,'Harum minima deserunt et asperiores.',27,1,1,'1971-06-22 13:06:27'),(29,28,3,NULL,'Ab molestiae veritatis est sint incidunt.',NULL,0,0,'2004-02-05 00:39:01'),(30,26,33,NULL,'Quae ut beatae voluptas aut qui.',NULL,0,0,'2018-01-03 01:02:31'),(31,44,43,NULL,'Impedit est non eum corrupti tempora.',NULL,0,1,'1996-01-12 08:05:22'),(32,40,61,NULL,'Atque officiis minima quod sed temporibus.',84,1,1,'2006-02-25 04:50:49'),(33,70,21,NULL,'Mollitia quia in dolorem similique sint tempore.',28,0,0,'1985-03-27 11:53:57'),(34,30,21,NULL,'Id sint voluptatem quisquam ex.',NULL,0,1,'1998-02-17 15:01:12'),(35,40,59,NULL,'Amet voluptates vel consequatur architecto ab eos ipsa.',NULL,0,0,'1971-12-06 11:51:56'),(36,7,83,16,'Omnis iure et pariatur excepturi minima assumenda quos.',NULL,0,1,'1989-08-19 13:05:11'),(37,16,39,NULL,'Et accusantium architecto velit quis dicta voluptatem.',NULL,1,0,'2011-04-23 17:09:36'),(38,57,9,7,'Et omnis et dolorum porro nam ratione mollitia aut.',7,1,0,'1980-07-02 11:48:45'),(39,37,99,NULL,'Aut porro omnis vel corporis.',NULL,1,0,'1991-04-16 09:19:52'),(40,15,34,16,'Possimus laudantium quo recusandae impedit sunt qui reiciendis.',NULL,1,1,'1977-10-23 14:37:10'),(41,63,58,6,'Animi reprehenderit minima omnis quis cumque et officiis.',NULL,1,1,'2005-09-14 15:59:24'),(42,69,91,15,'Labore ut nemo eveniet vitae inventore tempore eos quo.',NULL,1,1,'1977-01-16 21:31:44'),(43,56,46,NULL,'Culpa beatae assumenda eaque et voluptatem modi minima.',27,0,1,'1971-11-29 01:54:50'),(44,71,7,NULL,'Harum aperiam ea ea.',NULL,0,0,'1999-08-26 07:40:53'),(45,85,69,NULL,'Iure rem qui eos officia quis et ipsa quos.',NULL,0,0,'2004-04-22 14:47:27'),(46,15,56,NULL,'Sit at et debitis et ea sit doloremque.',84,1,0,'1982-09-23 15:13:57'),(47,17,76,NULL,'Dolore excepturi numquam vero et praesentium perspiciatis blanditiis.',NULL,0,0,'1970-09-25 16:30:30'),(48,40,39,13,'Et maxime autem maxime quod officia omnis.',NULL,0,1,'1998-01-29 03:54:13'),(49,49,47,NULL,'Alias officiis sit ut consequatur ducimus corrupti.',87,0,0,'1981-10-03 08:51:52'),(50,22,76,NULL,'Dolore voluptate qui quae illo.',NULL,1,0,'1976-05-14 13:14:21'),(51,66,60,19,'Vel est minima nisi ut esse veniam fuga et.',NULL,0,1,'1994-05-08 11:55:32'),(52,63,29,NULL,'Quis aliquam consectetur pariatur tempora molestiae qui ratione.',19,1,0,'1989-12-26 14:59:46'),(53,15,86,NULL,'Repudiandae a aut at doloribus modi facilis voluptas.',68,1,0,'2004-11-07 13:06:33'),(54,85,18,NULL,'Excepturi ab et reprehenderit quibusdam.',25,1,0,'1984-06-18 15:05:34'),(55,79,24,NULL,'Est mollitia reprehenderit cumque sint est nulla.',NULL,1,0,'1999-12-26 00:43:20'),(56,40,19,6,'Quae illo laboriosam cumque quia qui et.',NULL,1,0,'1972-01-17 03:51:20'),(57,64,81,17,'Enim atque maxime quae quo harum nihil earum.',NULL,0,0,'2001-06-06 00:32:02'),(58,97,41,NULL,'Maxime quaerat non aut.',NULL,1,1,'2018-01-13 03:54:17'),(59,92,71,NULL,'Expedita sit ipsam quia voluptas distinctio laborum officia rerum.',NULL,1,0,'2018-04-09 04:07:40'),(60,71,27,NULL,'Reprehenderit tempora consequatur consequatur accusamus laudantium asperiores aut.',NULL,0,0,'2002-08-14 17:23:53'),(61,78,54,NULL,'Et amet modi odio.',38,1,1,'2014-01-26 03:40:38'),(62,78,87,9,'Rem autem corrupti perferendis saepe omnis minus quis dicta.',NULL,1,1,'1992-11-08 20:03:21'),(63,53,92,NULL,'Vel est consequuntur ex corrupti corporis hic.',NULL,1,1,'1994-12-02 23:04:46'),(64,31,11,NULL,'Ipsum omnis id quo eum consequatur velit velit.',80,1,1,'1983-08-14 16:22:00'),(65,96,89,NULL,'Aliquid consequatur dolorum aut culpa quasi aperiam.',NULL,0,1,'1981-04-04 20:01:11'),(66,86,93,NULL,'Sit debitis nesciunt exercitationem quas quia.',9,0,0,'2002-03-07 09:17:31'),(67,43,52,NULL,'Dolorum deleniti perferendis aliquid est possimus rerum voluptatem.',NULL,0,0,'1984-12-20 08:54:31'),(68,55,53,NULL,'Deserunt cupiditate omnis quia omnis ea eum.',NULL,1,1,'1976-12-29 05:01:08'),(69,44,64,NULL,'Eligendi ea voluptatibus pariatur ratione accusantium est quis.',NULL,1,0,'1995-11-17 10:01:42'),(70,57,86,4,'Recusandae iste qui ea perspiciatis.',NULL,1,0,'2003-04-29 13:16:56'),(71,52,20,NULL,'Inventore et molestias sit architecto.',71,1,0,'1986-04-26 15:07:54'),(72,88,79,16,'Ab dolorem iusto non sed.',NULL,0,0,'1979-10-31 14:26:31'),(73,84,14,NULL,'Voluptate neque quis doloribus temporibus quod.',24,1,1,'2009-08-26 07:36:13'),(74,53,23,10,'Et officia qui velit ut voluptatem.',NULL,1,0,'2007-04-25 21:54:45'),(75,16,78,NULL,'Eaque quo dignissimos quis aut.',NULL,1,0,'2013-04-14 12:26:20'),(76,17,75,4,'Architecto animi quod eum ut aut ratione eligendi.',NULL,1,1,'1999-11-10 16:06:04'),(77,39,93,NULL,'Expedita cum dolores excepturi a qui delectus.',NULL,1,1,'1990-09-02 03:06:44'),(78,44,37,2,'Alias deserunt est unde dolorem dolores voluptate aut.',NULL,1,1,'1978-01-21 04:35:56'),(79,1,85,NULL,'Ipsam sit sequi qui ducimus.',NULL,1,0,'1989-03-17 00:33:34'),(80,72,54,18,'Eveniet eligendi sint eaque officiis quia alias nihil.',NULL,0,1,'1987-10-23 02:26:01'),(81,56,47,NULL,'Et et nihil eos consequatur quia.',NULL,0,0,'1970-11-06 22:36:32'),(82,64,10,NULL,'Ratione quam voluptas et qui molestiae ea.',28,1,1,'1995-05-16 17:41:46'),(83,53,15,NULL,'Cumque exercitationem sint modi dolores.',NULL,1,0,'2017-10-18 12:36:41'),(84,72,47,NULL,'Aut et incidunt fugiat repudiandae.',8,1,1,'1971-10-12 11:54:31'),(85,1,4,NULL,'Dolores qui deserunt et voluptatem laborum nostrum nostrum omnis.',NULL,0,1,'2014-06-05 20:30:03'),(86,87,29,NULL,'Ex quos vel iusto non perferendis veritatis.',75,1,1,'2003-07-31 02:51:21'),(87,33,95,NULL,'Corrupti repellendus enim quod.',NULL,0,1,'1997-03-13 12:31:06'),(88,3,13,3,'Sit atque natus magni ad.',NULL,0,0,'1975-01-31 05:53:40'),(89,16,14,NULL,'Unde veritatis ea eum eos facere et maxime sit.',NULL,0,0,'1986-11-05 17:53:21'),(90,69,46,3,'Autem cupiditate et magni magni ut unde magni qui.',76,1,1,'1985-01-20 02:56:43'),(91,98,89,NULL,'Commodi ratione recusandae molestiae repellendus.',79,1,0,'2003-08-19 15:35:56'),(92,82,57,NULL,'Ut magnam et similique vitae rerum nobis.',NULL,1,1,'1976-12-21 14:24:54'),(93,15,22,NULL,'Fugit voluptates dolores soluta possimus sapiente rerum.',30,0,0,'2015-08-06 20:22:48'),(94,27,78,NULL,'Dolores id enim mollitia.',NULL,0,0,'1980-06-09 02:21:15'),(95,92,85,NULL,'Debitis autem ut numquam culpa aut accusamus sed.',NULL,0,1,'1983-11-06 04:34:22'),(96,77,80,NULL,'Et illo sit consequatur doloribus id dignissimos.',19,0,1,'1979-04-25 18:20:22'),(97,8,35,NULL,'Accusantium cum aperiam velit delectus aut.',NULL,1,1,'1988-12-09 16:02:58'),(98,11,43,1,'Quia ut aut nemo quas commodi deleniti.',NULL,1,0,'1972-08-13 19:45:26'),(99,28,16,NULL,'Eum at modi aut ab.',NULL,0,0,'2016-12-28 12:13:50'),(100,9,11,NULL,'Similique est accusamus dolorum et.',NULL,0,1,'1975-09-05 15:47:21');
/*!40000 ALTER TABLE `messages` ENABLE KEYS */;
UNLOCK TABLES;

--
-- Table structure for table `profiles`
--

DROP TABLE IF EXISTS `profiles`;
/*!40101 SET @saved_cs_client     = @@character_set_client */;
/*!50503 SET character_set_client = utf8mb4 */;
CREATE TABLE `profiles` (
  `user_id` int unsigned NOT NULL,
  `gender` char(1) CHARACTER SET utf8 COLLATE utf8_unicode_ci NOT NULL,
  `birthday` date DEFAULT NULL,
  `city` varchar(100) CHARACTER SET utf8 COLLATE utf8_unicode_ci DEFAULT NULL,
  `country` varchar(100) CHARACTER SET utf8 COLLATE utf8_unicode_ci DEFAULT NULL,
  `foto_id` int unsigned DEFAULT NULL,
  `updated_at` datetime DEFAULT CURRENT_TIMESTAMP ON UPDATE CURRENT_TIMESTAMP,
  PRIMARY KEY (`user_id`)
) ENGINE=InnoDB DEFAULT CHARSET=utf8 COLLATE=utf8_unicode_ci;
/*!40101 SET character_set_client = @saved_cs_client */;

--
-- Dumping data for table `profiles`
--

LOCK TABLES `profiles` WRITE;
/*!40000 ALTER TABLE `profiles` DISABLE KEYS */;
INSERT INTO `profiles` VALUES (1,'f','2003-01-28','Dickensport','Nepal',6,'2020-03-03 21:35:40'),(2,'f','2005-02-09','North Nils','Venezuela',68,'2020-03-03 21:35:40'),(3,'f','2014-12-25','East Lisastad','Guyana',21,'2020-03-03 21:35:40'),(4,'m','2008-11-14','New Lupe','Burundi',1,'2020-03-03 21:35:40'),(5,'f','1988-06-21','Ryanstad','Liechtenstein',43,'2020-03-03 21:35:40'),(6,'m','1982-07-15','Port Alexanne','Ghana',8,'2020-03-03 21:35:40'),(7,'m','1989-10-13','Lottiechester','Comoros',12,'2020-03-03 21:35:40'),(8,'m','1999-04-07','East Tatyanaland','Syrian Arab Republic',36,'2020-03-03 21:35:40'),(9,'f','2002-06-28','Vidalmouth','Peru',45,'2020-03-03 21:35:40'),(10,'m','1997-05-28','Lake Henrietteville','Chad',14,'2020-03-03 21:35:40'),(11,'f','2013-10-25','West Martin','Belgium',37,'2020-03-03 21:35:40'),(12,'m','1978-12-31','Windlerstad','Sierra Leone',42,'2020-03-03 21:35:40'),(13,'f','1999-01-25','Carrollmouth','Philippines',99,'2020-03-03 21:35:40'),(14,'f','2001-09-01','Duncanfurt','Papua New Guinea',67,'2020-03-03 21:35:40'),(15,'m','1982-07-07','Port Tysonchester','Maldives',38,'2020-03-03 21:35:40'),(16,'m','1970-02-10','Helgamouth','Argentina',89,'2020-03-03 21:35:40'),(17,'m','1974-11-02','Lake Robertshire','Guam',30,'2020-03-03 21:35:40'),(18,'f','2004-11-27','North Jarred','Comoros',84,'2020-03-03 21:35:40'),(19,'m','1978-01-05','Twilafort','Netherlands Antilles',28,'2020-03-03 21:35:40'),(20,'f','1988-10-30','Tillmanport','Syrian Arab Republic',86,'2020-03-03 21:35:40'),(21,'m','1975-03-02','East Ladarius','Antarctica (the territory South of 60 deg S)',47,'2020-03-03 21:35:40'),(22,'f','2003-03-26','North Ewald','Lao People\'s Democratic Republic',74,'2020-03-03 21:35:40'),(23,'f','1980-12-17','West Wendy','Saint Vincent and the Grenadines',32,'2020-03-03 21:35:40'),(24,'m','1983-04-17','South Glennafurt','Italy',35,'2020-03-03 21:35:40'),(25,'m','1984-01-06','Nickland','Korea',80,'2020-03-03 21:35:40'),(26,'f','1972-10-28','Savannahhaven','Bhutan',93,'2020-03-03 21:35:40'),(27,'m','1999-04-27','Port Jewel','Bermuda',24,'2020-03-03 21:35:40'),(28,'f','1988-07-22','New Bella','Jamaica',42,'2020-03-03 21:35:40'),(29,'m','1980-05-12','Lake Kayleyview','Philippines',36,'2020-03-03 21:35:40'),(30,'m','1976-12-16','New Emmanuelle','Guatemala',54,'2020-03-03 21:35:40'),(31,'m','1994-09-02','Derrickbury','French Polynesia',63,'2020-03-03 21:35:40'),(32,'f','2017-07-05','Cartwrightview','Saint Martin',51,'2020-03-03 21:35:40'),(33,'m','2005-11-18','Johnsonstad','Brazil',65,'2020-03-03 21:35:40'),(34,'f','1983-08-03','Keelingberg','Saint Lucia',70,'2020-03-03 21:35:40'),(35,'f','1987-01-03','Wuckertport','Kiribati',58,'2020-03-03 21:35:40'),(36,'m','2014-07-14','North Connor','Costa Rica',77,'2020-03-03 21:35:40'),(37,'f','1970-10-31','South Rowan','Bermuda',12,'2020-03-03 21:35:40'),(38,'f','1997-07-02','Joanberg','Saudi Arabia',28,'2020-03-03 21:35:40'),(39,'m','1984-01-28','East Shad','South Georgia and the South Sandwich Islands',2,'2020-03-03 21:35:40'),(40,'f','1971-12-07','Ankundingview','Cote d\'Ivoire',28,'2020-03-03 21:35:40'),(41,'m','2011-12-28','East Adrianna','Palau',35,'2020-03-03 21:35:40'),(42,'m','2012-10-11','Paucekfurt','Samoa',87,'2020-03-03 21:35:40'),(43,'f','2001-05-31','Miloland','Germany',30,'2020-03-03 21:35:40'),(44,'f','1988-04-07','West Emanuelfort','Faroe Islands',87,'2020-03-03 21:35:40'),(45,'f','2006-08-13','East Crawfordview','Korea',47,'2020-03-03 21:35:40'),(46,'f','1977-09-21','Port Ashlee','Nigeria',73,'2020-03-03 21:35:40'),(47,'m','1993-12-12','Margaretside','Uruguay',23,'2020-03-03 21:35:40'),(48,'f','2007-07-26','Blaisefurt','Turkmenistan',94,'2020-03-03 21:35:40'),(49,'m','2001-07-04','East Jett','Singapore',3,'2020-03-03 21:35:40'),(50,'f','2014-04-19','Othaborough','Guam',33,'2020-03-03 21:35:40'),(51,'f','1993-02-10','New Ewell','Mayotte',56,'2020-03-03 21:35:40'),(52,'m','2002-09-12','Rolfsonborough','Iceland',78,'2020-03-03 21:35:40'),(53,'m','1981-05-02','Cummingsville','Turkey',23,'2020-03-03 21:35:40'),(54,'m','2004-02-20','Corkerymouth','Sweden',79,'2020-03-03 21:35:40'),(55,'f','1979-06-10','West Francis','Germany',27,'2020-03-03 21:35:40'),(56,'f','1978-08-11','Rainafort','Togo',98,'2020-03-03 21:35:40'),(57,'f','1999-12-26','Port Eulahmouth','Andorra',9,'2020-03-03 21:35:40'),(58,'m','1999-03-25','East Lauriane','Jersey',49,'2020-03-03 21:35:40'),(59,'f','2010-12-14','Lake Britneyport','Estonia',16,'2020-03-03 21:35:40'),(60,'m','1971-10-03','Katlynnstad','Saint Pierre and Miquelon',33,'2020-03-03 21:35:40'),(61,'f','2004-11-08','Port Leopold','Slovakia (Slovak Republic)',19,'2020-03-03 21:35:40'),(62,'f','2007-03-02','Port Frederiqueland','Gambia',93,'2020-03-03 21:35:40'),(63,'f','1994-02-17','Boyleland','Uganda',10,'2020-03-03 21:35:40'),(64,'m','2020-02-05','South Jeremyton','Bulgaria',69,'2020-03-03 21:35:40'),(65,'m','1983-08-29','Kleinport','Gabon',14,'2020-03-03 21:35:40'),(66,'m','1995-06-19','Bayerland','Serbia',65,'2020-03-03 21:35:40'),(67,'f','2014-12-02','Titusmouth','Pakistan',79,'2020-03-03 21:35:40'),(68,'m','1970-04-05','Port Linnea','Bangladesh',1,'2020-03-03 21:35:40'),(69,'m','2016-01-03','Tillmanberg','Egypt',68,'2020-03-03 21:35:40'),(70,'f','2016-05-12','Tabithafort','Croatia',35,'2020-03-03 21:35:40'),(71,'f','1990-06-11','East Mauricio','Saint Vincent and the Grenadines',70,'2020-03-03 21:35:40'),(72,'f','1979-03-30','Horacehaven','Cambodia',47,'2020-03-03 21:35:40'),(73,'m','1970-01-31','North Betsytown','Western Sahara',24,'2020-03-03 21:35:40'),(74,'m','1976-08-07','New Eleazar','Bhutan',78,'2020-03-03 21:35:40'),(75,'f','1986-08-22','West Xavier','Antigua and Barbuda',16,'2020-03-03 21:35:40'),(76,'f','2018-03-15','South Marilyne','Tonga',48,'2020-03-03 21:35:40'),(77,'m','1991-11-05','Feeneybury','Bosnia and Herzegovina',89,'2020-03-03 21:35:40'),(78,'f','2005-03-17','Marilieside','Svalbard & Jan Mayen Islands',100,'2020-03-03 21:35:40'),(79,'m','2014-02-14','Kenyashire','Comoros',35,'2020-03-03 21:35:40'),(80,'m','2017-07-01','New Gia','Liberia',73,'2020-03-03 21:35:40'),(81,'m','2009-09-12','Domenicafurt','Czech Republic',62,'2020-03-03 21:35:40'),(82,'f','2015-07-15','Caitlynville','Norfolk Island',89,'2020-03-03 21:35:40'),(83,'f','2004-02-02','Maybellechester','Cape Verde',58,'2020-03-03 21:35:40'),(84,'m','1977-04-24','West Camilabury','Barbados',25,'2020-03-03 21:35:40'),(85,'f','2003-10-23','Dericktown','Cayman Islands',48,'2020-03-03 21:35:40'),(86,'m','2007-03-13','New Annieshire','Saint Martin',64,'2020-03-03 21:35:40'),(87,'f','2006-03-14','South Katheryn','Afghanistan',78,'2020-03-03 21:35:40'),(88,'f','1990-11-29','Westontown','Andorra',96,'2020-03-03 21:35:40'),(89,'m','1990-07-09','Andersonport','Pakistan',45,'2020-03-03 21:35:40'),(90,'f','2011-06-08','New Pearline','Mauritius',38,'2020-03-03 21:35:40'),(91,'m','1998-05-17','Hermannmouth','Guinea',55,'2020-03-03 21:35:40'),(92,'m','2002-04-05','Johnsonhaven','Holy See (Vatican City State)',58,'2020-03-03 21:35:40'),(93,'f','1978-05-17','Renemouth','Namibia',24,'2020-03-03 21:35:40'),(94,'f','1983-10-04','Dawsonview','Zambia',46,'2020-03-03 21:35:40'),(95,'m','2015-12-20','East Filibertobury','Guinea-Bissau',58,'2020-03-03 21:35:40'),(96,'m','1999-10-29','West Abdielstad','Bulgaria',52,'2020-03-03 21:35:40'),(97,'m','1993-10-18','Evieside','Western Sahara',84,'2020-03-03 21:35:40'),(98,'f','2005-11-27','North Amelyshire','Sri Lanka',63,'2020-03-03 21:35:40'),(99,'f','2006-08-20','West Patsyside','Argentina',61,'2020-03-03 21:35:40'),(100,'m','1971-05-21','Adahtown','Andorra',19,'2020-03-03 21:35:40');
/*!40000 ALTER TABLE `profiles` ENABLE KEYS */;
UNLOCK TABLES;

--
-- Table structure for table `users`
--

DROP TABLE IF EXISTS `users`;
/*!40101 SET @saved_cs_client     = @@character_set_client */;
/*!50503 SET character_set_client = utf8mb4 */;
CREATE TABLE `users` (
  `id` int unsigned NOT NULL AUTO_INCREMENT,
  `first_name` varchar(100) CHARACTER SET utf8 COLLATE utf8_unicode_ci NOT NULL,
  `last_name` varchar(100) CHARACTER SET utf8 COLLATE utf8_unicode_ci NOT NULL,
  `email` varchar(120) CHARACTER SET utf8 COLLATE utf8_unicode_ci NOT NULL,
  `phone` varchar(120) CHARACTER SET utf8 COLLATE utf8_unicode_ci NOT NULL,
  `created_at` datetime DEFAULT CURRENT_TIMESTAMP,
  `updated_at` datetime DEFAULT CURRENT_TIMESTAMP ON UPDATE CURRENT_TIMESTAMP,
  PRIMARY KEY (`id`),
  UNIQUE KEY `email` (`email`),
  UNIQUE KEY `phone` (`phone`)
) ENGINE=InnoDB AUTO_INCREMENT=101 DEFAULT CHARSET=utf8 COLLATE=utf8_unicode_ci;
/*!40101 SET character_set_client = @saved_cs_client */;

--
-- Dumping data for table `users`
--

LOCK TABLES `users` WRITE;
/*!40000 ALTER TABLE `users` DISABLE KEYS */;
INSERT INTO `users` VALUES (1,'Electa','Terry','ibarrows@example.net','641-361-3936x7977','2018-10-29 14:40:36','2020-03-03 21:13:56'),(2,'Rogers','Stroman','cleo.tillman@example.org','532-561-3813x92644','1972-05-28 17:49:02','2015-12-12 16:56:27'),(3,'Shana','Ward','qmurphy@example.org','259-303-5854','1986-02-21 11:54:58','2012-10-30 06:29:59'),(4,'Derick','Halvorson','owalker@example.net','(783)085-8623','1998-03-18 03:04:17','2014-05-06 12:13:02'),(5,'Jennifer','Pouros','shanahan.sammie@example.net','09594327286','1990-01-22 08:01:35','2012-07-17 16:11:35'),(6,'Rowan','Aufderhar','peffertz@example.net','(930)966-8251','2002-02-25 23:37:11','2015-08-13 03:56:05'),(7,'Nakia','Green','agaylord@example.org','540.330.8901x269','1981-09-09 01:02:01','2017-11-11 11:23:22'),(8,'Melvina','Kling','rschowalter@example.org','+00(5)6149956600','2009-09-01 13:05:29','2012-04-08 02:41:04'),(9,'Ocie','Langosh','hluettgen@example.com','+28(4)5213293093','1986-10-16 07:47:20','2014-05-29 04:53:58'),(10,'Marvin','Ankunding','janie.lindgren@example.org','677.974.4430x31215','2011-07-18 19:21:19','2012-08-15 02:21:37'),(11,'Sharon','Jacobi','demond.howe@example.com','585.246.0423x09006','2003-02-12 09:47:49','2015-06-24 20:44:36'),(12,'Jovanny','Ferry','ahand@example.net','(161)157-1428','1986-10-10 11:18:54','2015-12-21 02:22:25'),(13,'Noelia','Heaney','eharris@example.org','229.828.7217x5638','2001-09-12 08:58:16','2011-03-31 16:56:12'),(14,'Ronny','Walker','roberts.boris@example.com','(342)745-1784x506','2014-09-11 00:38:36','2019-07-16 20:25:24'),(15,'Rebeca','Abernathy','vandervort.oleta@example.com','05007876976','1983-10-11 23:37:48','2012-06-03 11:42:20'),(16,'Daija','Corwin','edmond.wisoky@example.com','(482)097-7450','1986-09-20 11:58:45','2015-04-10 03:59:19'),(17,'Devan','Bechtelar','ryann49@example.org','485.600.3562x340','1985-05-15 19:38:59','2010-04-21 04:31:41'),(18,'Jess','Abernathy','corwin.camron@example.net','(914)950-1649','2004-12-15 18:04:23','2014-01-25 05:47:53'),(19,'Beth','Rodriguez','grayce.yundt@example.org','1-222-606-7862x099','1983-06-19 10:16:18','2011-05-19 14:58:46'),(20,'Godfrey','Russel','hoeger.brad@example.org','1-854-064-9657','2011-02-11 03:57:34','2012-05-19 08:31:26'),(21,'Belle','Watsica','anderson.daron@example.com','475.028.0511x61277','2003-08-20 03:17:59','2019-09-09 10:38:05'),(22,'Brooks','Thiel','norris90@example.com','(941)567-3184x62487','1973-08-10 19:29:57','2017-03-02 23:42:03'),(23,'Lilla','Lesch','melody.marvin@example.net','691-135-8118x831','1985-02-16 08:32:00','2012-03-24 04:36:24'),(24,'Brown','Osinski','bkerluke@example.net','1-700-687-2250x139','1983-02-24 06:44:16','2010-05-16 07:42:46'),(25,'Jett','Keeling','hhayes@example.org','033.840.5839','2014-09-20 13:56:40','2020-03-03 21:13:56'),(26,'Clinton','Lesch','purdy.adrien@example.com','1-763-444-0135x03443','1999-05-04 18:47:31','2016-10-21 01:54:47'),(27,'Camryn','Leffler','ethyl.howe@example.com','874.824.8942x80804','2014-02-06 07:37:02','2014-02-17 18:52:50'),(28,'Olga','Kulas','little.antonietta@example.org','+97(9)3631712167','2006-08-25 15:33:26','2011-09-06 01:32:07'),(29,'Mariah','Boyer','mlynch@example.net','1-351-080-2331x985','1977-03-10 10:12:49','2019-03-30 12:06:32'),(30,'Dena','Morar','ryan.johann@example.com','500-884-2419','1979-03-23 10:04:44','2016-01-06 05:37:51'),(31,'Janiya','Russel','bkonopelski@example.org','704.252.4792x6290','2005-07-23 03:05:38','2020-02-01 04:36:52'),(32,'Gertrude','Larson','rrolfson@example.com','444.456.4049x44775','1974-09-10 01:06:55','2019-06-08 07:12:23'),(33,'Salma','Lubowitz','wolf.dangelo@example.com','(780)488-9120x927','1998-04-28 02:52:52','2017-12-22 06:47:22'),(34,'Marie','Bernier','schiller.rhiannon@example.com','+92(5)3551381823','1984-11-24 18:16:08','2015-11-21 23:03:20'),(35,'Natalie','Crooks','antone28@example.net','1-174-414-5034x68838','1978-04-29 03:57:33','2012-03-19 13:48:55'),(36,'Llewellyn','Schroeder','vtromp@example.org','391-278-2782x0527','2012-03-07 16:46:34','2018-10-06 09:11:19'),(37,'Elmore','Crooks','heidenreich.laury@example.org','(638)152-1104x3753','1979-10-02 21:13:18','2010-07-24 21:51:17'),(38,'Lisa','Flatley','stanton.kailyn@example.net','565.237.5868x80602','1995-06-04 10:45:02','2014-11-23 09:12:23'),(39,'Kathleen','Kshlerin','schaden.alexandro@example.org','+32(6)8829068008','1971-01-24 10:24:30','2015-02-23 03:48:03'),(40,'Vernon','Hegmann','oda46@example.com','1-331-521-2419x15421','1997-01-08 12:44:18','2017-06-19 20:52:51'),(41,'Kasey','Lehner','hulda.bahringer@example.org','1-123-635-6227x3389','2012-11-14 05:18:01','2015-04-15 02:26:46'),(42,'Dock','Cronin','aheathcote@example.net','242.864.2298','2004-08-22 08:21:16','2016-03-16 02:22:15'),(43,'Cassandra','Wisozk','donna45@example.net','692-184-8712x9590','1998-04-05 16:18:39','2014-05-07 12:14:03'),(44,'Ole','Kunze','murl.zulauf@example.org','(146)596-7703x28472','1985-05-09 11:04:40','2016-11-20 05:46:25'),(45,'Reymundo','Yundt','harber.delores@example.com','944.168.3408','1992-12-28 15:17:59','2011-06-12 10:43:48'),(46,'Joelle','Jerde','jannie.tromp@example.net','467-361-0575x00326','2007-08-26 10:21:56','2018-04-03 05:47:42'),(47,'Ophelia','Johnson','vince73@example.org','05805747667','2020-01-19 20:14:04','2020-03-03 21:13:56'),(48,'Adela','Greenfelder','hank.marquardt@example.net','(334)539-6818x5725','1999-08-04 05:51:27','2015-11-13 04:27:28'),(49,'Mozell','Zemlak','darby.von@example.org','+85(2)4729819039','1974-12-18 18:30:04','2015-01-12 22:28:56'),(50,'Gladyce','Hand','dicki.kennedy@example.net','+57(5)2634945247','2000-10-20 16:09:01','2012-11-14 00:28:45'),(51,'Furman','Heaney','lizeth72@example.org','326-953-1367','1974-03-25 13:23:08','2017-02-25 22:36:21'),(52,'Maverick','Haag','wilbert.beatty@example.org','(998)151-0880x216','1971-05-04 18:29:01','2017-01-08 03:15:52'),(53,'Kiera','Hessel','smith.ross@example.net','141.115.6704x9538','1983-10-26 06:58:14','2019-08-27 11:22:42'),(54,'Susan','Bartoletti','dominique40@example.org','942-075-6295x749','2018-07-01 21:38:02','2020-03-03 21:13:56'),(55,'Ludie','Ebert','abins@example.com','441-377-9743','1996-08-11 05:37:18','2013-11-20 18:12:38'),(56,'Lela','McGlynn','lbrekke@example.org','(333)579-9377x4406','2000-01-01 04:09:24','2010-09-09 03:11:56'),(57,'Ronny','Dach','johathan68@example.net','(187)513-1132x951','1983-07-18 11:57:43','2019-07-19 16:48:14'),(58,'Jaycee','D\'Amore','robel.jaylon@example.net','473.666.5705','1978-01-17 17:53:44','2011-10-21 15:56:08'),(59,'Melyna','Johnston','vinnie.cole@example.com','02007974563','2002-04-04 20:20:57','2019-10-16 16:40:58'),(60,'Berenice','Kessler','kristina.reinger@example.org','1-097-257-6103','1982-12-11 09:59:52','2015-04-03 16:33:29'),(61,'Lesly','Koch','verona44@example.org','026.951.2958x396','2007-07-24 14:31:58','2014-07-22 16:04:59'),(62,'Faustino','Cummerata','jada59@example.org','606.661.0427x335','2004-08-20 03:00:00','2014-08-15 17:04:03'),(63,'Emely','Predovic','welch.claire@example.net','626-019-4683','1990-12-02 12:46:52','2016-10-08 06:41:33'),(64,'Alena','Bayer','white.irma@example.org','794.170.9612','1993-08-06 17:38:33','2019-11-27 07:23:03'),(65,'Jewel','Greenholt','boris11@example.com','1-205-715-7702x66171','2006-04-02 13:52:59','2012-01-23 04:32:02'),(66,'Verner','Wuckert','oschultz@example.org','487.074.4613x66719','1991-12-14 06:08:03','2010-12-23 19:50:51'),(67,'Julia','Pacocha','retha.beer@example.org','(931)288-7907x23072','1990-02-15 18:45:49','2013-08-11 22:10:11'),(68,'Brody','Stanton','kessler.missouri@example.org','1-428-434-4932','1983-08-25 11:33:26','2014-03-07 22:48:21'),(69,'Gideon','Cummerata','mills.remington@example.org','751-683-9640','2015-11-08 11:59:23','2016-02-02 23:37:07'),(70,'Vince','Zboncak','ahintz@example.com','+91(8)3715978529','2015-11-17 12:25:35','2016-02-26 13:06:28'),(71,'Mittie','Quigley','gleichner.kellen@example.com','266.950.9494x83192','1972-08-19 23:55:16','2013-04-12 08:47:37'),(72,'Priscilla','Renner','kareem.rath@example.org','04723197300','2012-02-07 14:43:47','2012-08-07 08:10:49'),(73,'Hank','Rath','ava89@example.net','587-471-3815','2015-02-28 14:44:05','2015-08-05 12:24:28'),(74,'Madonna','Jacobi','pwill@example.com','517.504.6607x39210','1976-03-20 13:20:58','2010-12-16 05:26:02'),(75,'Destany','Weber','fwilkinson@example.net','535-313-1495x818','1989-02-12 14:53:06','2016-09-21 12:54:13'),(76,'Hardy','Torp','rippin.daryl@example.com','455.459.9288x0885','1989-05-24 02:19:33','2019-09-04 12:32:50'),(77,'Kaya','McGlynn','lakin.newell@example.com','589.929.1334','2001-04-12 17:42:05','2015-09-23 05:26:20'),(78,'D\'angelo','Herman','ehamill@example.org','(092)456-4764x8965','1999-02-16 23:52:16','2019-07-25 14:06:38'),(79,'Deon','Kunze','zachery64@example.net','(869)248-5003','2015-08-01 03:00:11','2020-03-03 21:13:56'),(80,'Ambrose','Bergstrom','xhuel@example.net','06256116266','2018-01-29 02:30:47','2019-04-12 19:01:39'),(81,'Angela','Legros','rosie50@example.com','828-971-0149x53941','1985-10-04 19:11:03','2016-08-26 22:48:03'),(82,'Furman','Connelly','narciso36@example.com','07729176463','1992-11-22 11:00:19','2019-06-22 10:18:36'),(83,'Betsy','Simonis','ruecker.verner@example.net','729-774-6519x742','1972-05-08 11:51:14','2018-09-16 04:21:00'),(84,'Yoshiko','Price','wfeest@example.net','+56(6)7439441378','1978-11-08 08:03:49','2010-08-10 01:11:15'),(85,'Maxime','Hirthe','magnus.blanda@example.net','826.869.9009','1985-06-10 21:00:48','2014-11-29 21:57:20'),(86,'Lavon','Smith','ereynolds@example.net','+16(9)0069157572','1993-12-06 03:00:39','2013-04-03 02:01:00'),(87,'Shyann','Doyle','little.avis@example.com','1-258-366-7898x84989','1982-02-14 21:31:37','2017-01-15 03:16:51'),(88,'Garrick','Sipes','mlangosh@example.net','(391)821-6511','1999-07-02 07:46:14','2017-04-28 13:36:53'),(89,'Kian','Beahan','jaeden.mraz@example.com','720-819-6945','2018-02-14 09:24:04','2018-04-27 15:31:51'),(90,'Luna','Reynolds','modesta.kerluke@example.org','288-313-8700x939','2009-05-26 22:17:24','2019-07-13 12:34:39'),(91,'Megane','Homenick','fortiz@example.org','968-655-2363','1971-07-21 16:18:49','2017-03-21 17:39:00'),(92,'Bruce','Murazik','ferne16@example.net','991.011.8329','2018-05-14 01:43:44','2020-03-03 21:13:56'),(93,'Marilou','Lockman','onie.pfeffer@example.com','038-415-9846','1980-12-10 10:45:11','2011-02-03 19:46:07'),(94,'Crawford','Stokes','wiza.eula@example.org','1-206-999-6597','1989-11-22 13:05:06','2014-05-28 04:16:04'),(95,'Ronny','Daniel','reinhold68@example.com','414-980-1251x733','1991-04-23 17:19:03','2010-04-10 17:12:36'),(96,'Magnolia','Crooks','georgiana.labadie@example.net','463.529.8990x0856','1976-04-05 16:25:49','2015-02-14 14:20:14'),(97,'Vena','Stehr','mabel.o\'connell@example.net','846.975.3450','1977-10-19 03:21:42','2013-04-30 08:01:10'),(98,'Dejon','Willms','fnolan@example.org','03517409555','2005-08-24 02:44:57','2017-08-07 15:14:18'),(99,'Raquel','Doyle','forrest76@example.org','852.229.3611','2012-07-07 10:42:10','2013-05-25 22:47:43'),(100,'Anabel','Labadie','miracle52@example.net','1-541-126-3186','1975-10-16 23:40:26','2015-09-26 05:07:01');
/*!40000 ALTER TABLE `users` ENABLE KEYS */;
UNLOCK TABLES;
/*!40103 SET TIME_ZONE=@OLD_TIME_ZONE */;

/*!40101 SET SQL_MODE=@OLD_SQL_MODE */;
/*!40014 SET FOREIGN_KEY_CHECKS=@OLD_FOREIGN_KEY_CHECKS */;
/*!40014 SET UNIQUE_CHECKS=@OLD_UNIQUE_CHECKS */;
/*!40101 SET CHARACTER_SET_CLIENT=@OLD_CHARACTER_SET_CLIENT */;
/*!40101 SET CHARACTER_SET_RESULTS=@OLD_CHARACTER_SET_RESULTS */;
/*!40101 SET COLLATION_CONNECTION=@OLD_COLLATION_CONNECTION */;
/*!40111 SET SQL_NOTES=@OLD_SQL_NOTES */;

-- Dump completed on 2020-03-05 11:06:17
